district_id,state,district,agri_households,pmkisan_enrolled,literacy_rate,female_literacy,rural_share,sc_st_share,internet_access,district_key,uptake_rate,gap,gap_rate,data_quality_flag,residual,predicted_uptake,is_anomaly
1,Uttar Pradesh,Uttar Pradesh_D01,128052,48122,56.65,50.15,0.98,0.195,0.202,uttar pradesh_d01,0.37580045606472373,79930,0.6241995439352763,,-0.005805917232520996,0.3816063732972447,False
2,Uttar Pradesh,Uttar Pradesh_D02,151269,56472,67.55,48.47,0.98,0.479,0.205,uttar pradesh_d02,0.37332169843127144,94797,0.6266783015687285,,0.011870639290616436,0.361451059140655,False
3,Uttar Pradesh,Uttar Pradesh_D03,148705,65664,64.23,49.95,0.87,0.368,0.313,uttar pradesh_d03,0.44157224034161596,83041,0.5584277596583841,,0.07326831510780302,0.36830392523381295,False
4,Uttar Pradesh,Uttar Pradesh_D04,185394,59777,72.9,67.7,0.89,0.409,0.331,uttar pradesh_d04,0.32243222542261346,125617,0.6775677745773865,,-0.05118252486645242,0.3736147502890659,False
5,Uttar Pradesh,Uttar Pradesh_D05,118510,11804,63.29,52.42,0.913,0.401,0.298,uttar pradesh_d05,0.09960340899502151,106706,0.9003965910049785,,-0.26157298213966523,0.36117639113468675,True
6,Uttar Pradesh,Uttar Pradesh_D06,183891,51146,55.09,43.34,0.939,0.342,0.326,uttar pradesh_d06,0.2781321543740585,132745,0.7218678456259414,,-0.07792885230149138,0.3560610066755499,False
7,Uttar Pradesh,Uttar Pradesh_D07,169161,18166,68.34,54.54,0.98,0.364,0.28,uttar pradesh_d07,0.10738881893580672,150995,0.8926111810641932,,-0.2694883720096516,0.3768771909454583,True
8,Uttar Pradesh,Uttar Pradesh_D08,181753,79705,62.13,51.21,0.934,0.284,0.383,uttar pradesh_d08,0.4385347146952182,102048,0.5614652853047818,,0.06328457778032825,0.37525013691488995,False
9,Uttar Pradesh,Uttar Pradesh_D09,205874,86394,59.07,48.5,0.874,0.453,0.317,uttar pradesh_d09,0.4196450255981814,119480,0.5803549744018186,,0.07404259745617614,0.34560242814200526,False
10,Uttar Pradesh,Uttar Pradesh_D10,122549,51442,52.76,33.19,0.92,0.415,0.208,uttar pradesh_d10,0.41976678716268595,71107,0.5802332128373141,,0.0738906492302524,0.34587613793243355,False
11,Uttar Pradesh,Uttar Pradesh_D11,176445,78606,67.44,55.31,0.874,0.5,0.24,uttar pradesh_d11,0.445498597296608,97839,0.554501402703392,,0.09083717571193528,0.35466142158467273,False
12,Uttar Pradesh,Uttar Pradesh_D12,84136,22591,84.53,65.39,0.98,0.422,0.551,uttar pradesh_d12,0.2685057525910431,61545,0.731494247408957,,-0.12354692947922546,0.39205268207026855,False
13,Uttar Pradesh,Uttar Pradesh_D13,134049,54100,62.92,44.67,0.771,0.294,0.278,uttar pradesh_d13,0.40358376414594666,79949,0.5964162358540533,,0.02495421345180482,0.37862955069414184,False
14,Uttar Pradesh,Uttar Pradesh_D14,91214,55560,69.92,64.92,0.775,0.275,0.256,uttar pradesh_d14,0.6091170215098559,35654,0.3908829784901441,,0.219668257902915,0.3894487636069409,False
15,Uttar Pradesh,Uttar Pradesh_D15,84517,32453,58.98,51.46,0.817,0.38,0.272,uttar pradesh_d15,0.38398192079699944,52064,0.6160180792030006,,0.02800817944304146,0.355973741353958,False
16,Uttar Pradesh,Uttar Pradesh_D16,130353,54663,66.02,50.57,0.822,0.393,0.462,uttar pradesh_d16,0.4193459298980461,75690,0.5806540701019539,,0.05448360642272315,0.36486232347532294,False
17,Uttar Pradesh,Uttar Pradesh_D17,62816,25236,77.7,64.74,0.968,0.513,0.417,uttar pradesh_d17,0.40174477840040757,37580,0.5982552215995924,,0.03435241011946755,0.36739236828094,False
18,Uttar Pradesh,Uttar Pradesh_D18,173368,78563,60.72,43.68,0.911,0.354,0.279,uttar pradesh_d18,0.4531574454339901,94805,0.5468425545660098,,0.08692757854289368,0.36622986689109643,False
19,Uttar Pradesh,Uttar Pradesh_D19,119509,10992,81.71,63.83,0.889,0.268,0.478,uttar pradesh_d19,0.09197633651022098,108517,0.908023663489779,,-0.31891922660881206,0.410895563119033,True
20,Uttar Pradesh,Uttar Pradesh_D20,112509,54217,75.01,64.04,0.98,0.361,0.428,uttar pradesh_d20,0.48189033766187594,58292,0.518109662338124,,0.0970516490860579,0.38483868857581804,False
21,Uttar Pradesh,Uttar Pradesh_D21,167298,77002,58.01,50.39,0.942,0.357,0.235,uttar pradesh_d21,0.4602685029109732,90296,0.5397314970890268,,0.10110694650813323,0.35916155640284,False
22,Uttar Pradesh,Uttar Pradesh_D22,191772,77016,67.46,58.27,0.948,0.394,0.433,uttar pradesh_d22,0.4016019022589325,114756,0.5983980977410676,,0.03528471179724019,0.3663171904616923,False
23,Uttar Pradesh,Uttar Pradesh_D23,100952,45255,73.07,62.48,0.98,0.277,0.361,uttar pradesh_d23,0.4482823520088755,55697,0.5517176479911245,,0.05297132034941221,0.3953110316594633,False
24,Uttar Pradesh,Uttar Pradesh_D24,189363,86909,66.11,60.84,0.776,0.354,0.295,uttar pradesh_d24,0.45895449480627154,102454,0.5410455051937284,,0.08842786314063378,0.37052663166563776,False
25,Uttar Pradesh,Uttar Pradesh_D25,82724,41572,71.31,56.77,0.98,0.399,0.493,uttar pradesh_d25,0.5025385619650887,41152,0.4974614380349113,,0.12972779582003086,0.37281076614505787,False
26,Uttar Pradesh,Uttar Pradesh_D26,150056,45116,66.0,55.75,0.98,0.45,0.426,uttar pradesh_d26,0.30066108652769635,104940,0.6993389134723037,,-0.055439950999402354,0.3561010375270987,False
27,Uttar Pradesh,Uttar Pradesh_D27,173104,79551,66.14,56.95,0.898,0.382,0.451,uttar pradesh_d27,0.4595561050004621,93553,0.5404438949995378,,0.09426783278656953,0.3652882722138926,False
28,Uttar Pradesh,Uttar Pradesh_D28,145254,41001,50.68,30.98,0.865,0.318,0.191,uttar pradesh_d28,0.28227105621876164,104253,0.7177289437812384,,-0.07471722238755296,0.3569882786063146,False
29,Uttar Pradesh,Uttar Pradesh_D29,212911,79711,75.01,56.06,0.856,0.264,0.301,uttar pradesh_d29,0.3743864807360822,133200,0.6256135192639178,,-0.02936309932021708,0.4037495800562993,False
30,Uttar Pradesh,Uttar Pradesh_D30,80328,26513,56.77,49.72,0.919,0.499,0.238,uttar pradesh_d30,0.33005925704611094,53815,0.6699407429538891,,-0.005370715977786933,0.3354299730238979,False
31,Uttar Pradesh,Uttar Pradesh_D31,144509,59278,56.77,50.71,0.922,0.312,0.372,uttar pradesh_d31,0.4102028247375596,85231,0.5897971752624404,,0.04961639988901695,0.36058642484854264,False
32,Uttar Pradesh,Uttar Pradesh_D32,157022,68950,62.96,47.88,0.81,0.32,0.436,uttar pradesh_d32,0.43911044312261976,88072,0.5608895568773803,,0.068156427016338,0.37095401610628176,False
33,Uttar Pradesh,Uttar Pradesh_D33,143450,42450,50.3,32.89,0.917,0.453,0.19,uttar pradesh_d33,0.29592192401533635,101000,0.7040780759846637,,-0.03973866378121216,0.3356605877965485,False
34,Uttar Pradesh,Uttar Pradesh_D34,117237,17764,60.32,40.78,0.778,0.197,0.36,uttar pradesh_d34,0.1515221303854585,99473,0.8484778696145415,,-0.2361404608071844,0.3876625911926429,True
35,Uttar Pradesh,Uttar Pradesh_D35,134799,60795,63.29,44.56,0.895,0.232,0.214,uttar pradesh_d35,0.4510048294126811,74004,0.548995170587319,,0.06044753025809607,0.39055729915458504,False
36,Uttar Pradesh,Uttar Pradesh_D36,119613,20144,84.19,72.66,0.788,0.375,0.293,uttar pradesh_d36,0.1684097882337204,99469,0.8315902117662796,,-0.23160564038740963,0.40001542862113004,True
37,Uttar Pradesh,Uttar Pradesh_D37,156543,10419,61.84,49.87,0.97,0.323,0.42,uttar pradesh_d37,0.0665567927023246,146124,0.9334432072976754,,-0.3021751739593001,0.3687319666616247,True
38,Uttar Pradesh,Uttar Pradesh_D38,165778,81129,70.43,57.92,0.98,0.389,0.385,uttar pradesh_d38,0.48938339224746347,84649,0.5106166077525365,,0.11515019515152403,0.37423319709593944,False
39,Uttar Pradesh,Uttar Pradesh_D39,171323,77220,72.23,65.3,0.98,0.395,0.398,uttar pradesh_d39,0.4507275730637451,94103,0.5492724269362549,,0.07640794716847993,0.3743196258952652,False
40,Uttar Pradesh,Uttar Pradesh_D40,80676,40212,74.72,65.61,0.839,0.255,0.236,uttar pradesh_d40,0.49843819723337796,40464,0.501561802766622,,0.09585379773006591,0.40258439950331204,False
41,Bihar,Bihar_D01,106442,40375,61.58,46.13,0.76,0.291,0.366,bihar_d01,0.37931455628417354,66067,0.6206854437158265,,0.005140822819736046,0.3741737334644375,False
42,Bihar,Bihar_D02,113453,51156,73.58,57.32,0.646,0.122,0.449,bihar_d02,0.4509003728416172,62297,0.5490996271583828,,0.033056132880133926,0.4178442399614833,False
43,Bihar,Bihar_D03,98072,8227,78.98,62.67,0.753,0.324,0.338,bihar_d03,0.08388734807080513,89845,0.9161126519291949,,-0.3154839798319087,0.3993713279027138,True
44,Bihar,Bihar_D04,153369,79756,73.39,67.02,0.814,0.209,0.499,bihar_d04,0.5200268633165763,73613,0.4799731366834236,,0.11883591034292718,0.40119095297364915,False
45,Bihar,Bihar_D05,116960,16712,58.51,43.43,0.691,0.281,0.36,bihar_d05,0.14288645690834473,100248,0.8571135430916552,,-0.22724754694928134,0.37013400385762607,True
46,Bihar,Bihar_D06,109531,39368,59.38,47.76,0.764,0.284,0.206,bihar_d06,0.3594233595968265,70163,0.6405766404031735,,-0.013928462029275113,0.3733518216261016,False
47,Bihar,Bihar_D07,104242,53438,63.1,45.77,0.805,0.182,0.211,bihar_d07,0.5126340630456054,50804,0.48736593695439456,,0.11575924011426625,0.3968748229313392,False
48,Bihar,Bihar_D08,106548,54774,62.74,42.95,0.735,0.328,0.209,bihar_d08,0.5140781619551751,51774,0.48592183804482486,,0.13921421143964413,0.37486395051553095,False
49,Bihar,Bihar_D09,73271,33977,64.14,52.11,0.788,0.245,0.384,bihar_d09,0.4637168866263597,39294,0.5362831133736403,,0.07963594316752054,0.38408094345883914,False
50,Bihar,Bihar_D10,104009,16470,67.27,57.99,0.761,0.256,0.461,bihar_d10,0.1583516811045198,87539,0.8416483188954802,,-0.22686406906392487,0.38521575016844467,True
51,Bihar,Bihar_D11,151838,42430,66.76,52.32,0.828,0.185,0.368,bihar_d11,0.27944256378508675,109408,0.7205574362149133,,-0.11934070989216772,0.39878327367725447,False
52,Bihar,Bihar_D12,72906,28889,68.03,48.77,0.78,0.297,0.373,bihar_d12,0.39624996570926946,44017,0.6037500342907305,,0.01089019891157661,0.38535976679769285,False
53,Bihar,Bihar_D13,152312,69159,74.82,68.66,0.644,0.247,0.317,bihar_d13,0.45406140028362835,83153,0.5459385997163717,,0.05360748335901788,0.40045391692461046,False
54,Bihar,Bihar_D14,131941,53480,74.33,55.66,0.848,0.337,0.347,bihar_d14,0.4053326865796075,78461,0.5946673134203925,,0.014681303489861075,0.39065138308974645,False
55,Bihar,Bihar_D15,133648,55917,68.93,58.21,0.701,0.21,0.321,bihar_d15,0.4183900993654974,77731,0.5816099006345026,,0.020643246309072216,0.3977468530564252,False
56,Bihar,Bihar_D16,84299,41962,66.12,48.92,0.91,0.244,0.448,bihar_d16,0.4977757743270976,42337,0.5022242256729024,,0.1091331344556648,0.38864263987143277,False
57,Bihar,Bihar_D17,134813,60535,55.61,40.54,0.831,0.096,0.192,bihar_d17,0.44902939627483995,74278,0.55097060372516,,0.05214177580819712,0.39688762046664283,False
58,Bihar,Bihar_D18,90178,29627,82.94,70.14,0.802,0.311,0.435,bihar_d18,0.3285391115349642,60551,0.6714608884650358,,-0.07672435747359652,0.4052634690085607,False
59,Bihar,Bihar_D19,87449,45132,71.72,56.16,0.898,0.185,0.219,bihar_d19,0.5160950954270489,42317,0.4839049045729511,,0.10537243663407025,0.41072265879297865,False
60,Bihar,Bihar_D20,83227,40983,52.49,40.93,0.767,0.277,0.265,bihar_d20,0.49242433344948155,42244,0.5075756665505184,,0.13078373391126408,0.3616405995382175,False
61,Bihar,Bihar_D21,109244,12314,52.93,41.05,0.784,0.219,0.228,bihar_d21,0.11272014939035553,96930,0.8872798506096444,,-0.2592525288337862,0.3719726782241417,True
62,Bihar,Bihar_D22,95625,45941,71.92,65.0,0.7,0.258,0.315,bihar_d22,0.48042875816993463,49684,0.5195712418300653,,0.08594764077243089,0.39448111739750374,False
63,Bihar,Bihar_D23,74276,22891,62.99,57.38,0.751,0.177,0.234,bihar_d23,0.3081883784802628,51385,0.6918116215197372,,-0.08474629157531705,0.39293467005557986,False
64,Bihar,Bihar_D24,76999,34730,65.03,52.48,0.78,0.223,0.403,bihar_d24,0.45104481876388003,42269,0.54895518123612,,0.06240106633765646,0.38864375242622357,False
65,Bihar,Bihar_D25,80622,49608,73.37,57.15,0.739,0.177,0.329,bihar_d25,0.6153159187318598,31014,0.3846840812681402,,0.20331171425313593,0.4120042044787238,False
66,Bihar,Bihar_D26,187476,51412,64.08,52.14,0.857,0.14,0.422,bihar_d26,0.2742324350850242,136064,0.7257675649149757,,-0.12507895335213193,0.39931138843715613,False
67,Bihar,Bihar_D27,96060,4803,53.71,44.67,0.805,0.204,0.23,bihar_d27,0.05,91257,0.95,,-0.32468793531459034,0.3746879353145903,True
68,Bihar,Bihar_D28,99720,35626,57.91,44.01,0.873,0.272,0.289,bihar_d28,0.35726032892097875,64094,0.6427396710790213,,-0.015115372959529527,0.3723757018805083,False
69,Bihar,Bihar_D29,57028,17192,63.04,56.12,0.915,0.149,0.352,bihar_d29,0.30146594655257064,39836,0.6985340534474294,,-0.09475362271283677,0.3962195692654074,False
70,Bihar,Bihar_D30,78434,31599,74.09,60.01,0.76,0.2,0.268,bihar_d30,0.40287375372925005,46835,0.59712624627075,,-0.007480775934506301,0.41035452966375635,False
71,Rajasthan,Rajasthan_D01,180002,74491,64.94,46.18,0.683,0.557,0.408,rajasthan_d01,0.41383429073010297,105511,0.586165709269897,,0.07397865307793344,0.33985563765216953,False
72,Rajasthan,Rajasthan_D02,286136,124470,77.82,60.24,0.538,0.465,0.463,rajasthan_d02,0.4350029356669556,161666,0.5649970643330444,,0.061796831423681475,0.3732061042432741,False
73,Rajasthan,Rajasthan_D03,91053,48183,63.66,44.68,0.541,0.484,0.285,rajasthan_d03,0.5291753154756021,42870,0.47082468452439785,,0.1788422504895495,0.35033306498605266,False
74,Rajasthan,Rajasthan_D04,316123,95403,47.99,39.97,0.564,0.435,0.171,rajasthan_d04,0.30179075866039484,220720,0.6982092413396052,,-0.028194449575196956,0.3299852082355918,False
75,Rajasthan,Rajasthan_D05,173667,75636,59.07,40.08,0.731,0.467,0.348,rajasthan_d05,0.4355231563854964,98031,0.5644768436145036,,0.09062010828483624,0.34490304810066014,False
76,Rajasthan,Rajasthan_D06,168981,77567,69.12,51.75,0.565,0.359,0.383,rajasthan_d06,0.45902793805220704,91414,0.5409720619477929,,0.08301978802838017,0.37600815002382687,False
77,Rajasthan,Rajasthan_D07,228623,122227,59.55,43.84,0.763,0.434,0.307,rajasthan_d07,0.5346225007982573,106396,0.4653774992017426,,0.18407686671729212,0.35054563408096523,False
78,Rajasthan,Rajasthan_D08,57680,26399,50.92,40.04,0.551,0.418,0.199,rajasthan_d08,0.45768030513176144,31281,0.5423196948682386,,0.11988002128288217,0.3378002838488793,False
79,Rajasthan,Rajasthan_D09,242357,111268,70.88,63.38,0.698,0.413,0.423,rajasthan_d09,0.45910784503851754,131089,0.5408921549614825,,0.09149777020759708,0.36761007483092045,False
80,Rajasthan,Rajasthan_D10,161677,68196,71.63,64.49,0.663,0.341,0.356,rajasthan_d10,0.4218039671691088,93481,0.5781960328308913,,0.04115229725877323,0.38065166991033555,False
81,Rajasthan,Rajasthan_D11,194184,29636,57.32,43.26,0.435,0.668,0.283,rajasthan_d11,0.15261813537675606,164548,0.8473818646232439,,-0.15734798615118495,0.309966121527941,False
82,Rajasthan,Rajasthan_D12,177933,71135,59.76,46.28,0.668,0.539,0.377,rajasthan_d12,0.3997853124490679,106798,0.6002146875509321,,0.06716478100214845,0.33262053144691944,False
83,Rajasthan,Rajasthan_D13,159821,50524,50.12,35.89,0.562,0.392,0.296,rajasthan_d13,0.316128668948386,109297,0.683871331051614,,-0.02350197734058196,0.33963064628896794,False
84,Rajasthan,Rajasthan_D14,165930,56042,65.19,48.34,0.562,0.518,0.214,rajasthan_d14,0.337744832158139,109888,0.662255167841861,,-0.010851573540453907,0.3485964056985929,False
85,Rajasthan,Rajasthan_D15,143825,71993,66.9,56.92,0.58,0.329,0.363,rajasthan_d15,0.5005597079784461,71832,0.499440292021554,,0.12573206574064555,0.3748276422378005,False
86,Rajasthan,Rajasthan_D16,98185,18224,58.03,41.21,0.537,0.434,0.27,rajasthan_d16,0.18560879971482405,79961,0.814391200285176,,-0.16228386871236808,0.34789266842719213,False
87,Rajasthan,Rajasthan_D17,99620,33094,60.01,41.31,0.617,0.452,0.22,rajasthan_d17,0.3322023690022084,66526,0.6677976309977917,,-0.018306681760610566,0.35050905076281896,False
88,Rajasthan,Rajasthan_D18,245281,99044,70.8,62.61,0.646,0.415,0.342,rajasthan_d18,0.40379809279968687,146237,0.5962019072003131,,0.03511638147514423,0.36868171132454264,False
89,Rajasthan,Rajasthan_D19,78549,28635,58.93,49.28,0.538,0.305,0.365,rajasthan_d19,0.3645495168620861,49914,0.635450483137914,,-6.470335484076717e-05,0.36461422021692685,False
90,Rajasthan,Rajasthan_D20,197088,92683,46.56,35.89,0.635,0.507,0.194,rajasthan_d20,0.47026201493748987,104405,0.5297379850625101,,0.15270062956890873,0.31756138536858114,False
91,Rajasthan,Rajasthan_D21,144579,45001,59.04,42.56,0.325,0.39,0.195,rajasthan_d21,0.3112554382033352,99578,0.6887445617966648,,-0.04517722327941043,0.3564326614827456,False
92,Rajasthan,Rajasthan_D22,185530,60460,70.93,58.03,0.708,0.24,0.285,rajasthan_d22,0.3258772166226486,125070,0.6741227833773513,,-0.07217798369000006,0.3980552003126487,False
93,Rajasthan,Rajasthan_D23,208475,81618,70.05,51.74,0.46,0.551,0.436,rajasthan_d23,0.39150017987768315,126857,0.6084998201223168,,0.04394101589598487,0.3475591639816983,False
94,Rajasthan,Rajasthan_D24,259412,116929,64.05,44.61,0.475,0.342,0.214,rajasthan_d24,0.4507463031779563,142483,0.5492536968220437,,0.07730589847302177,0.3734404047049345,False
95,Rajasthan,Rajasthan_D25,247039,105229,74.49,55.83,0.687,0.294,0.469,rajasthan_d25,0.4259610830678557,141810,0.5740389169321444,,0.031753974111586536,0.39420710895626915,False
96,Madhya Pradesh,Madhya Pradesh_D01,208107,89636,64.58,55.16,0.899,0.224,0.4,madhya pradesh_d01,0.4307207350065111,118471,0.5692792649934889,,0.04333298855983564,0.38738774644667545,False
97,Madhya Pradesh,Madhya Pradesh_D02,220695,82778,82.6,73.73,0.875,0.241,0.573,madhya pradesh_d02,0.37507872856204266,137917,0.6249212714379574,,-0.03656465585175506,0.4116433844137977,False
98,Madhya Pradesh,Madhya Pradesh_D03,305707,133950,66.16,60.89,0.69,0.271,0.345,madhya pradesh_d03,0.43816464784908427,171757,0.5618353521509157,,0.056510645191761744,0.3816540026573225,False
99,Madhya Pradesh,Madhya Pradesh_D04,143919,66063,78.32,63.34,0.946,0.08,0.398,madhya pradesh_d04,0.45902903716673965,77856,0.5409709628332604,,0.024797906060517017,0.43423113110622263,False
100,Madhya Pradesh,Madhya Pradesh_D05,165202,82295,66.94,58.26,0.699,0.163,0.296,madhya pradesh_d05,0.49814772218254016,82907,0.5018522778174599,,0.09690754359211085,0.4012401785904293,False
101,Madhya Pradesh,Madhya Pradesh_D06,282663,67828,82.01,62.95,0.796,0.158,0.256,madhya pradesh_d06,0.23996065986705017,214835,0.7600393401329498,,-0.19207713875020171,0.4320377986172519,True
102,Madhya Pradesh,Madhya Pradesh_D07,246190,97473,53.2,39.25,0.913,0.171,0.182,madhya pradesh_d07,0.3959259108818392,148717,0.6040740891181607,,0.014096985645167148,0.38182892523667206,False
103,Madhya Pradesh,Madhya Pradesh_D08,270910,125804,60.34,51.64,0.966,0.267,0.349,madhya pradesh_d08,0.4643756229005943,145106,0.5356243770994057,,0.08950284153422972,0.3748727813663646,False
104,Madhya Pradesh,Madhya Pradesh_D09,308189,121091,52.79,46.42,0.815,0.277,0.197,madhya pradesh_d09,0.39291149262303326,187098,0.6070885073769667,,0.030896782633665187,0.3620147099893681,False
105,Madhya Pradesh,Madhya Pradesh_D10,277942,133985,69.83,54.45,0.907,0.191,0.346,madhya pradesh_d10,0.4820610055335286,143957,0.5179389944664714,,0.07786785728262957,0.404193148250899,False
106,Madhya Pradesh,Madhya Pradesh_D11,312709,132384,67.02,53.5,0.734,0.311,0.449,madhya pradesh_d11,0.42334566641829946,180325,0.5766543335817006,,0.045331931328233044,0.3780137350900664,False
107,Madhya Pradesh,Madhya Pradesh_D12,268698,120024,72.86,67.31,0.78,0.115,0.254,madhya pradesh_d12,0.4466873590424938,148674,0.5533126409575062,,0.028058046994001218,0.4186293120484926,False
108,Madhya Pradesh,Madhya Pradesh_D13,187997,95799,61.53,45.65,0.806,0.192,0.317,madhya pradesh_d13,0.5095772804885185,92198,0.4904227195114816,,0.11934114540929064,0.39023613507922783,False
109,Madhya Pradesh,Madhya Pradesh_D14,236882,92876,67.49,59.0,0.892,0.284,0.418,madhya pradesh_d14,0.39207706790722807,144006,0.6079229320927719,,0.009450253629564864,0.3826268142776632,False
110,Madhya Pradesh,Madhya Pradesh_D15,172437,42144,76.63,62.22,0.785,0.343,0.359,madhya pradesh_d15,0.24440230344995564,130293,0.7555976965500444,,-0.14730342960396955,0.3917057330539252,False
111,Madhya Pradesh,Madhya Pradesh_D16,250000,82146,57.31,48.8,0.737,0.224,0.26,madhya pradesh_d16,0.328584,167854,0.671416,,-0.04809015709261111,0.3766741570926111,False
112,Madhya Pradesh,Madhya Pradesh_D17,230121,118289,70.82,54.02,0.808,0.161,0.461,madhya pradesh_d17,0.5140295757449342,111832,0.4859704242550658,,0.10591543865883468,0.40811413708609956,False
113,Madhya Pradesh,Madhya Pradesh_D18,196377,96043,74.69,62.0,0.951,0.176,0.29,madhya pradesh_d18,0.4890745861277033,100334,0.5109254138722966,,0.07400554247823488,0.41506904364946845,False
114,Madhya Pradesh,Madhya Pradesh_D19,175259,80814,60.37,54.51,0.791,0.133,0.364,madhya pradesh_d19,0.4611118401908033,94445,0.5388881598091967,,0.06820585383460753,0.3929059863561958,False
115,Madhya Pradesh,Madhya Pradesh_D20,359436,17971,59.71,46.66,0.765,0.351,0.201,madhya pradesh_d20,0.049997774290833415,341465,0.9500022257091666,,-0.3144334236173766,0.36443119790821,True
116,Madhya Pradesh,Madhya Pradesh_D21,173984,79948,70.03,50.69,0.844,0.254,0.394,madhya pradesh_d21,0.4595135184844583,94036,0.5404864815155417,,0.06438343761087767,0.39513008087358065,False
117,Madhya Pradesh,Madhya Pradesh_D22,233007,89716,54.32,38.47,0.762,0.16,0.211,madhya pradesh_d22,0.38503564270601315,143291,0.6149643572939869,,0.0003795394085344128,0.38465610329747874,False
118,Madhya Pradesh,Madhya Pradesh_D23,326360,122839,67.15,54.72,0.98,0.184,0.423,madhya pradesh_d23,0.376391101850717,203521,0.623608898149283,,-0.02227497870903572,0.3986660805597527,False
119,Madhya Pradesh,Madhya Pradesh_D24,263138,131845,70.03,53.07,0.792,0.302,0.453,madhya pradesh_d24,0.5010488792952748,131293,0.4989511207047253,,0.11527497972292916,0.3857738995723456,False
120,Madhya Pradesh,Madhya Pradesh_D25,207637,77124,69.41,54.21,0.931,0.279,0.252,madhya pradesh_d25,0.37143668999263135,130513,0.6285633100073686,,-0.02072195080471756,0.3921586407973489,False
121,Maharashtra,Maharashtra_D01,57108,19530,53.57,47.3,0.787,0.443,0.186,maharashtra_d01,0.34198361000210126,37578,0.6580163899978987,,0.003493912809941657,0.3384896971921596,False
122,Maharashtra,Maharashtra_D02,154209,52639,61.34,56.06,0.931,0.372,0.28,maharashtra_d02,0.3413484297284854,101570,0.6586515702715147,,-0.019512153813086075,0.36086058354157147,False
123,Maharashtra,Maharashtra_D03,108191,5409,63.97,44.76,0.786,0.43,0.373,maharashtra_d03,0.049994916397851946,102782,0.9500050836021481,,-0.30859631756134387,0.3585912339591958,True
124,Maharashtra,Maharashtra_D04,64539,10806,59.49,39.64,0.789,0.544,0.333,maharashtra_d04,0.167433644772928,53733,0.832566355227072,,-0.16750012181317103,0.334933766586099,True
125,Maharashtra,Maharashtra_D05,130220,50703,68.92,60.13,0.8,0.446,0.235,maharashtra_d05,0.3893641529718937,79517,0.6106358470281062,,0.02547450887432373,0.36388964409756996,False
126,Maharashtra,Maharashtra_D06,149201,61215,69.15,59.67,0.873,0.437,0.271,maharashtra_d06,0.4102854538508455,87986,0.5897145461491545,,0.04475152311539715,0.3655339307354484,False
127,Maharashtra,Maharashtra_D07,166215,63085,45.05,35.24,0.791,0.467,0.171,maharashtra_d07,0.3795385494690612,103130,0.6204614505309388,,0.05757281065524256,0.3219657388138186,False
128,Maharashtra,Maharashtra_D08,196594,9829,65.34,53.27,0.739,0.404,0.249,maharashtra_d08,0.04999643936234066,186765,0.9500035606376593,,-0.31462643166232934,0.36462287102467,True
129,Maharashtra,Maharashtra_D09,78959,41127,63.93,44.42,0.816,0.378,0.192,maharashtra_d09,0.5208652591851467,37832,0.4791347408148533,,0.15083772224656117,0.37002753693858553,False
130,Maharashtra,Maharashtra_D10,167430,51068,71.83,58.45,0.79,0.354,0.403,maharashtra_d10,0.3050110493937765,116362,0.6949889506062235,,-0.07579672982913199,0.3808077792229085,False
131,Maharashtra,Maharashtra_D11,161538,70090,75.53,64.59,0.805,0.488,0.514,maharashtra_d11,0.433891715881093,91448,0.566108284118907,,0.06975517317146007,0.3641365427096329,False
132,Maharashtra,Maharashtra_D12,73757,28465,63.58,56.39,0.849,0.318,0.195,maharashtra_d12,0.385929471101048,45292,0.614070528898952,,0.011372194047844286,0.37455727705320374,False
133,Maharashtra,Maharashtra_D13,88232,42294,60.32,42.08,0.774,0.28,0.417,maharashtra_d13,0.4793498957294406,45938,0.5206501042705595,,0.10565608278958877,0.3736938129398518,False
134,Maharashtra,Maharashtra_D14,140470,59836,51.99,46.37,0.864,0.402,0.182,maharashtra_d14,0.4259699579981491,80634,0.5740300420018509,,0.0837430148215389,0.3422269431766102,False
135,Maharashtra,Maharashtra_D15,152819,57477,47.55,28.52,0.905,0.403,0.292,maharashtra_d15,0.376111609158547,95342,0.623888390841453,,0.03908724342281922,0.3370243657357278,False
136,Maharashtra,Maharashtra_D16,198938,78664,79.13,65.83,0.944,0.428,0.39,maharashtra_d16,0.39541967849279674,120274,0.6045803215072032,,0.012372392796835607,0.38304728569596114,False
137,Maharashtra,Maharashtra_D17,51792,10062,57.44,43.2,0.98,0.363,0.343,maharashtra_d17,0.19427710843373494,41730,0.8057228915662651,,-0.16329200973240102,0.35756911816613596,True
138,Maharashtra,Maharashtra_D18,98695,37166,68.16,62.85,0.731,0.487,0.352,maharashtra_d18,0.37657429454379654,61529,0.6234257054562035,,0.023825867976215664,0.3527484265675809,False
139,Maharashtra,Maharashtra_D19,146066,68945,56.52,48.47,0.723,0.364,0.387,maharashtra_d19,0.47201265181493296,77121,0.527987348185067,,0.12030050071527354,0.3517121510996594,False
140,Maharashtra,Maharashtra_D20,234925,38854,57.62,41.59,0.839,0.518,0.298,maharashtra_d20,0.1653889539214643,196071,0.8346110460785358,,-0.16997503191849334,0.33536398583995763,True
141,West Bengal,West Bengal_D01,135016,51838,78.4,59.72,0.633,0.42,0.433,west bengal_d01,0.3839396812229662,83178,0.6160603187770338,,0.0015968241533981797,0.382342857069568,False
142,West Bengal,West Bengal_D02,237445,102808,76.35,57.72,0.715,0.324,0.526,west bengal_d02,0.432976057613342,134637,0.567023942386658,,0.041082304335523234,0.3918937532778188,False
143,West Bengal,West Bengal_D03,231692,98198,77.53,65.85,0.73,0.199,0.416,west bengal_d03,0.4238299121247173,133494,0.5761700878752827,,0.01127893774629063,0.4125509743784267,False
144,West Bengal,West Bengal_D04,115402,17934,64.23,55.36,0.656,0.47,0.391,west bengal_d04,0.1554045857090865,97468,0.8445954142909134,,-0.19328091042703172,0.3486854961361182,True
145,West Bengal,West Bengal_D05,188625,68751,56.42,38.99,0.78,0.253,0.309,west bengal_d05,0.36448508946322067,119874,0.6355149105367793,,-0.008506989337401294,0.37299207880062196,False
146,West Bengal,West Bengal_D06,241219,102878,77.35,71.8,0.827,0.475,0.379,west bengal_d06,0.42649210883056476,138341,0.5735078911694352,,0.05638431187900039,0.37010779695156437,False
147,West Bengal,West Bengal_D07,214005,84515,70.76,64.08,0.79,0.372,0.363,west bengal_d07,0.39492067942337794,129490,0.6050793205766221,,0.02001691398573885,0.3749037654376391,False
148,West Bengal,West Bengal_D08,275916,113354,64.91,55.16,0.712,0.378,0.233,west bengal_d08,0.4108279331390713,162562,0.5891720668609287,,0.04361626343335645,0.36721166970571484,False
149,West Bengal,West Bengal_D09,148904,60496,56.38,41.38,0.98,0.466,0.215,west bengal_d09,0.40627518401117496,88408,0.593724815988825,,0.0632371190287015,0.34303806498247347,False
150,West Bengal,West Bengal_D10,226188,105693,67.98,49.96,0.803,0.304,0.432,west bengal_d10,0.4672794312695634,120495,0.5327205687304366,,0.084464598479503,0.3828148327900604,False
151,West Bengal,West Bengal_D11,293491,97519,80.89,67.33,0.784,0.466,0.312,west bengal_d11,0.3322725398734544,195972,0.6677274601265456,,-0.0488089563262985,0.3810814961997529,False
152,West Bengal,West Bengal_D12,321194,151737,86.23,79.64,0.84,0.357,0.529,west bengal_d12,0.47241542494567146,169457,0.5275845750543285,,0.07210369429015812,0.40031173065551334,False
153,West Bengal,West Bengal_D13,261946,56278,59.71,44.69,0.685,0.425,0.37,west bengal_d13,0.21484580791460836,205668,0.7851541920853916,,-0.13549258605942335,0.3503383939740317,False
154,West Bengal,West Bengal_D14,158951,82140,71.09,66.01,0.672,0.262,0.326,west bengal_d14,0.5167630275997005,76811,0.48323697240029945,,0.12523015782136088,0.3915328697783396,False
155,West Bengal,West Bengal_D15,170965,59724,68.07,59.66,0.653,0.391,0.386,west bengal_d15,0.3493346591407598,111241,0.6506653408592402,,-0.01760183292820333,0.3669364920689631,False
156,West Bengal,West Bengal_D16,141318,41257,91.21,73.26,0.559,0.561,0.283,west bengal_d16,0.2919444090632474,100061,0.7080555909367525,,-0.09314182162314438,0.3850862306863918,False
157,West Bengal,West Bengal_D17,253785,125227,81.37,67.25,0.954,0.432,0.478,west bengal_d17,0.4934373583939161,128558,0.5065626416060839,,0.10857575095624528,0.38486160743767084,False
158,West Bengal,West Bengal_D18,159898,58094,75.44,56.53,0.699,0.355,0.373,west bengal_d18,0.3633191159364095,101804,0.6366808840635906,,-0.025327701726776786,0.38864681766318626,False
159,Andhra Pradesh,Andhra Pradesh_D01,314786,148598,73.36,53.7,0.863,0.216,0.256,andhra pradesh_d01,0.47206038387984217,166188,0.5279396161201578,,0.0627765409209124,0.4092838429589298,False
160,Andhra Pradesh,Andhra Pradesh_D02,170047,75235,82.25,72.82,0.693,0.251,0.549,andhra pradesh_d02,0.44243650284921227,94812,0.5575634971507877,,0.033171787251740914,0.40926471559747135,False
161,Andhra Pradesh,Andhra Pradesh_D03,253738,86079,82.91,76.22,0.557,0.413,0.512,andhra pradesh_d03,0.33924362925537366,167659,0.6607563707446263,,-0.04598534719026015,0.3852289764456338,False
162,Andhra Pradesh,Andhra Pradesh_D04,298222,112810,82.91,64.32,0.764,0.33,0.334,andhra pradesh_d04,0.3782752446164267,185412,0.6217247553835733,,-0.027699056320375004,0.4059743009368017,False
163,Andhra Pradesh,Andhra Pradesh_D05,149398,74380,87.32,70.82,0.784,0.189,0.315,andhra pradesh_d05,0.4978647639191957,75018,0.5021352360808043,,0.06352802295882903,0.4343367409603667,False
164,Andhra Pradesh,Andhra Pradesh_D06,263605,95822,76.21,63.18,0.695,0.134,0.299,andhra pradesh_d06,0.3635060033003926,167783,0.6364939966996074,,-0.05905291791885614,0.42255892121924876,False
165,Andhra Pradesh,Andhra Pradesh_D07,120814,36129,74.71,67.59,0.752,0.262,0.426,andhra pradesh_d07,0.2990464681245551,84685,0.7009535318754448,,-0.09775144316548667,0.39679791129004177,False
166,Andhra Pradesh,Andhra Pradesh_D08,271906,110092,63.3,58.06,0.822,0.167,0.343,andhra pradesh_d08,0.40488992519473643,161814,0.5951100748052636,,0.011774822344327474,0.39311510285040896,False
167,Andhra Pradesh,Andhra Pradesh_D09,140890,56341,85.57,71.63,0.634,0.074,0.374,andhra pradesh_d09,0.3998935339626659,84549,0.6001064660373341,,-0.04600188129511662,0.44589541525778253,False
168,Andhra Pradesh,Andhra Pradesh_D10,340200,183174,95.0,79.96,0.754,0.161,0.388,andhra pradesh_d10,0.5384303350970018,157026,0.4615696649029982,,0.08895734185853182,0.44947299323846995,False
169,Andhra Pradesh,Andhra Pradesh_D11,135707,42570,68.23,62.45,0.724,0.089,0.476,andhra pradesh_d11,0.3136905244386804,93137,0.6863094755613196,,-0.09656459912583754,0.41025512356451793,False
170,Andhra Pradesh,Andhra Pradesh_D12,203626,71170,74.06,67.73,0.748,0.239,0.446,andhra pradesh_d12,0.3495133234459254,132456,0.6504866765540747,,-0.04897613135596618,0.3984894548018916,False
171,Andhra Pradesh,Andhra Pradesh_D13,277514,95968,60.41,53.61,0.699,0.278,0.24,andhra pradesh_d13,0.3458131841997161,181546,0.6541868158002839,,-0.027636056455783264,0.37344924065549934,False
172,Andhra Pradesh,Andhra Pradesh_D14,206067,86958,81.28,64.46,0.763,0.289,0.409,andhra pradesh_d14,0.4219889647541819,119109,0.5780110352458181,,0.014632725406883262,0.40735623934729864,False
173,Andhra Pradesh,Andhra Pradesh_D15,228415,97766,66.8,58.21,0.643,0.314,0.275,andhra pradesh_d15,0.4280191756233172,130649,0.5719808243766827,,0.049557311540644855,0.37846186408267235,False
174,Karnataka,Karnataka_D01,150003,63776,67.75,61.01,0.652,0.369,0.441,karnataka_d01,0.4251648300367326,86227,0.5748351699632674,,0.0570681103246416,0.368096719712091,False
175,Karnataka,Karnataka_D02,101434,41486,67.94,56.9,0.668,0.318,0.298,karnataka_d02,0.40899501153459394,59948,0.5910049884654061,,0.028728877144403142,0.3802661343901908,False
176,Karnataka,Karnataka_D03,139295,48259,73.36,66.37,0.884,0.251,0.445,karnataka_d03,0.3464517750098711,91036,0.6535482249901289,,-0.04998492784422248,0.3964367028540936,False
177,Karnataka,Karnataka_D04,160930,46775,69.02,63.0,0.607,0.28,0.474,karnataka_d04,0.2906543217548002,114155,0.7093456782451998,,-0.09182956117877045,0.38248388293357066,False
178,Karnataka,Karnataka_D05,202633,102295,66.83,55.23,0.71,0.212,0.258,karnataka_d05,0.5048289271737575,100338,0.4951710728262425,,0.10939080442690396,0.3954381227468535,False
179,Karnataka,Karnataka_D06,124821,21522,66.49,46.56,0.682,0.287,0.461,karnataka_d06,0.1724229096065566,103299,0.8275770903934434,,-0.20986987959113101,0.3822927891976876,True
180,Karnataka,Karnataka_D07,74946,35199,68.71,62.19,0.656,0.289,0.346,karnataka_d07,0.46965815387078697,39747,0.530341846129213,,0.086186761354268,0.38347139251651896,False
181,Karnataka,Karnataka_D08,180080,54271,51.57,44.61,0.762,0.265,0.195,karnataka_d08,0.3013716126166148,125809,0.6986283873833852,,-0.06034076723538112,0.36171237985199595,False
182,Karnataka,Karnataka_D09,174820,17896,57.58,41.58,0.641,0.068,0.177,karnataka_d09,0.10236815009724287,156924,0.8976318499027571,,-0.30165742362208237,0.40402557371932524,True
183,Karnataka,Karnataka_D10,132259,40635,64.04,50.83,0.684,0.371,0.217,karnataka_d10,0.3072380707551093,91624,0.6927619292448907,,-0.06083569211757561,0.3680737628726849,False
184,Karnataka,Karnataka_D11,200151,82285,71.68,55.62,0.503,0.24,0.328,karnataka_d11,0.4111146084706047,117866,0.5888853915293953,,0.01264127387861641,0.3984733345919883,False
185,Karnataka,Karnataka_D12,118538,47899,81.14,69.57,0.597,0.33,0.256,karnataka_d12,0.4040813916212523,70639,0.5959186083787478,,0.002724574475980457,0.4013568171452718,False
186,Karnataka,Karnataka_D13,140197,53871,79.37,64.48,0.709,0.339,0.433,karnataka_d13,0.3842521594613294,86326,0.6157478405386706,,-0.011029256509927032,0.39528141597125643,False
187,Karnataka,Karnataka_D14,146557,54977,72.71,57.5,0.825,0.246,0.239,karnataka_d14,0.3751236720183956,91580,0.6248763279816044,,-0.027260108584371112,0.4023837806027667,False
188,Karnataka,Karnataka_D15,188259,87707,82.39,72.14,0.741,0.368,0.308,karnataka_d15,0.4658847651373905,100552,0.5341152348626095,,0.06879867211640439,0.39708609302098613,False
189,Odisha,Odisha_D01,138858,52804,50.16,30.52,0.636,0.37,0.164,odisha_d01,0.3802733727981103,86054,0.6197266272018896,,0.03262773284653375,0.34764563995157655,False
190,Odisha,Odisha_D02,235780,88276,60.22,50.39,0.573,0.353,0.208,odisha_d02,0.3743998642802613,147504,0.6256001357197387,,0.01156273285824716,0.3628371314220141,False
191,Odisha,Odisha_D03,137282,54403,47.04,41.38,0.608,0.457,0.159,odisha_d03,0.3962864760128786,82879,0.6037135239871214,,0.07151010738915642,0.32477636862372217,False
192,Odisha,Odisha_D04,170542,58276,38.59,31.14,0.604,0.425,0.22,odisha_d04,0.34171054637567283,112266,0.6582894536243271,,0.027007708569791455,0.3147028378058814,False
193,Odisha,Odisha_D05,94771,37707,45.93,27.74,0.67,0.463,0.255,odisha_d05,0.3978748773358939,57064,0.6021251226641061,,0.0733399789423611,0.3245348983935328,False
194,Odisha,Odisha_D06,286632,31433,68.42,62.61,0.669,0.375,0.279,odisha_d06,0.10966326160372883,255199,0.8903367383962711,,-0.2615489668481764,0.3712122284519052,True
195,Odisha,Odisha_D07,160640,44811,46.06,35.92,0.576,0.557,0.275,odisha_d07,0.27895293824701195,115829,0.721047061752988,,-0.028250274617044602,0.30720321286405655,False
196,Odisha,Odisha_D08,200377,55698,57.58,51.17,0.659,0.455,0.273,odisha_d08,0.27796603402586123,144679,0.7220339659741387,,-0.06322093829320613,0.34118697231906736,False
197,Odisha,Odisha_D09,177525,79987,59.94,50.77,0.606,0.458,0.337,odisha_d09,0.45056752570060554,97538,0.5494324742993945,,0.10644955969918357,0.34411796600142197,False
198,Odisha,Odisha_D10,256458,89632,48.76,34.54,0.5,0.558,0.251,odisha_d10,0.3494997231515492,166826,0.6505002768484508,,0.036500062352449125,0.3129996607991001,False
199,Odisha,Odisha_D11,215608,66126,62.24,47.07,0.643,0.489,0.304,odisha_d11,0.30669548439761046,149482,0.6933045156023895,,-0.039417831814795135,0.3461133162124056,False
200,Odisha,Odisha_D12,166398,54624,55.68,41.02,0.525,0.492,0.198,odisha_d12,0.3282731763602928,111774,0.6717268236397073,,-0.007579042534908598,0.3358522188952014,False
201,Odisha,Odisha_D13,205880,75146,63.47,50.82,0.558,0.396,0.248,odisha_d13,0.3649990285603264,130734,0.6350009714396736,,0.003050853271319487,0.3619481752890069,False
202,Odisha,Odisha_D14,132524,52593,56.51,42.52,0.554,0.444,0.242,odisha_d14,0.39685641846005254,79931,0.6031435815399475,,0.05332009864872422,0.3435363198113283,False
203,Odisha,Odisha_D15,171543,8577,60.05,47.25,0.539,0.366,0.357,odisha_d15,0.0499991255836729,162966,0.9500008744163271,,-0.3085401912423116,0.3585393168259845,True
204,Gujarat,Gujarat_D01,158596,63408,67.51,56.19,0.904,0.251,0.234,gujarat_d01,0.3998083179903655,95188,0.6001916820096346,,0.007708017279645207,0.3921003007107203,False
205,Gujarat,Gujarat_D02,76413,36685,93.07,85.31,0.93,0.092,0.289,gujarat_d02,0.48008846662217164,39728,0.5199115333778284,,0.02309381683538908,0.45699464978678256,False
206,Gujarat,Gujarat_D03,104929,52310,63.85,44.74,0.769,0.077,0.414,gujarat_d03,0.49852757578934326,52619,0.5014724242106567,,0.08814210881780588,0.4103854669715374,False
207,Gujarat,Gujarat_D04,104588,55307,68.64,61.64,0.577,0.221,0.342,gujarat_d04,0.5288082762840861,49281,0.4711917237159139,,0.13543643290512203,0.3933718433789641,False
208,Gujarat,Gujarat_D05,130495,33219,74.34,66.96,0.727,0.229,0.446,gujarat_d05,0.25456147745124336,97276,0.7454385225487566,,-0.14613126245077168,0.40069273990201504,False
209,Gujarat,Gujarat_D06,130986,52890,70.19,61.48,0.735,0.187,0.287,gujarat_d06,0.4037836104621868,78096,0.5962163895378132,,0.0002895143697624336,0.40349409609242437,False
210,Gujarat,Gujarat_D07,32177,16136,90.54,84.56,0.765,0.204,0.294,gujarat_d07,0.5014762097150138,16041,0.49852379028498617,,0.06704892473354579,0.43442728498146804,False
211,Gujarat,Gujarat_D08,99258,40213,79.97,66.57,0.814,0.08,0.474,gujarat_d08,0.4051361099357231,59045,0.594863890064277,,-0.0292416748907956,0.4343777848265187,False
212,Gujarat,Gujarat_D09,91982,36038,82.53,70.58,0.813,0.233,0.363,gujarat_d09,0.3917940466613033,55944,0.6082059533386966,,-0.025624594807712897,0.4174186414690162,False
213,Gujarat,Gujarat_D10,142516,29862,86.14,79.42,0.98,0.239,0.282,gujarat_d10,0.20953436807095344,112654,0.7904656319290465,,-0.21378868527195927,0.4233230533429127,True
214,Gujarat,Gujarat_D11,180628,70443,92.49,80.22,0.842,0.277,0.448,gujarat_d11,0.3899893704187612,110185,0.6100106295812388,,-0.03627076852927402,0.4262601389480352,False
215,Gujarat,Gujarat_D12,115899,49795,78.16,61.07,0.749,0.153,0.48,gujarat_d12,0.42964132563697705,66104,0.570358674363023,,0.008511753897805951,0.4211295717391711,False
216,Gujarat,Gujarat_D13,105224,46853,71.6,61.65,0.817,0.335,0.273,gujarat_d13,0.4452691401201247,58371,0.5547308598798754,,0.06048720497374588,0.3847819351463788,False
217,Gujarat,Gujarat_D14,117792,53033,85.06,71.98,0.801,0.127,0.479,gujarat_d14,0.4502258217875577,64759,0.5497741782124422,,0.01456660293305112,0.4356592188545066,False
218,Jharkhand,Jharkhand_D01,107019,49765,93.12,82.77,0.556,0.358,0.396,jharkhand_d01,0.46501088591745393,57254,0.5349891140825461,,0.05091268175841501,0.4140982041590389,False
219,Jharkhand,Jharkhand_D02,108150,36840,61.86,48.49,0.706,0.314,0.275,jharkhand_d02,0.3406380027739251,71310,0.6593619972260749,,-0.03135356275567158,0.37199156552959667,False
220,Jharkhand,Jharkhand_D03,179383,73073,85.4,69.41,0.577,0.359,0.529,jharkhand_d03,0.40735744189806167,106310,0.5926425581019383,,0.007050763235385948,0.4003066786626757,False
221,Jharkhand,Jharkhand_D04,220091,65876,83.86,77.03,0.646,0.209,0.586,jharkhand_d04,0.29931255707866294,154215,0.7006874429213371,,-0.11717542690635124,0.4164879839850142,False
222,Jharkhand,Jharkhand_D05,101307,40217,77.76,60.41,0.579,0.183,0.536,jharkhand_d05,0.39698145241691096,61090,0.603018547583089,,-0.0171224736726322,0.41410392608954316,False
223,Jharkhand,Jharkhand_D06,198527,98805,86.22,66.4,0.587,0.305,0.367,jharkhand_d06,0.4976904904622545,99722,0.5023095095377454,,0.08352084071707788,0.4141696497451766,False
224,Jharkhand,Jharkhand_D07,133555,71720,79.4,66.52,0.585,0.259,0.266,jharkhand_d07,0.5370072254876268,61835,0.4629927745123732,,0.12777607756245946,0.40923114792516735,False
225,Jharkhand,Jharkhand_D08,83524,37590,77.66,63.46,0.67,0.439,0.462,jharkhand_d08,0.4500502849480389,45934,0.5499497150519611,,0.07361726941769631,0.3764330155303426,False
226,Jharkhand,Jharkhand_D09,185704,64549,86.99,81.53,0.582,0.307,0.371,jharkhand_d09,0.34759078964373413,121155,0.6524092103562659,,-0.06283503236092769,0.4104258220046618,False
227,Jharkhand,Jharkhand_D10,153383,85682,90.88,82.64,0.591,0.236,0.55,jharkhand_d10,0.5586147095832003,67701,0.4413852904167998,,0.1334622322867483,0.42515247729645195,False
228,Jharkhand,Jharkhand_D11,86552,28513,79.81,71.32,0.644,0.343,0.519,jharkhand_d11,0.329432017746557,58039,0.670567982253443,,-0.0619474833170125,0.3913795010635695,False
229,Jharkhand,Jharkhand_D12,231712,88584,76.32,65.13,0.597,0.275,0.234,jharkhand_d12,0.3823021682088109,143128,0.6176978317911891,,-0.01946017375187209,0.401762341960683,False
230,Chhattisgarh,Chhattisgarh_D01,284138,87000,58.28,41.98,0.869,0.398,0.24,chhattisgarh_d01,0.30618924607057135,197138,0.6938107539294287,,-0.04962107585127751,0.35581032192184886,False
231,Chhattisgarh,Chhattisgarh_D02,315768,145488,58.67,49.15,0.773,0.312,0.246,chhattisgarh_d02,0.46074333054647715,170280,0.5392566694535228,,0.09418346845630099,0.36655986209017616,False
232,Chhattisgarh,Chhattisgarh_D03,262320,98525,72.51,64.73,0.789,0.427,0.448,chhattisgarh_d03,0.3755908813662702,163795,0.6244091186337298,,0.007250803998157251,0.368340077368113,False
233,Chhattisgarh,Chhattisgarh_D04,345273,149984,59.38,53.43,0.891,0.468,0.205,chhattisgarh_d04,0.43439249521393214,195289,0.5656075047860678,,0.08977964570281083,0.3446128495111213,False
234,Chhattisgarh,Chhattisgarh_D05,369118,128093,62.83,49.26,0.581,0.495,0.268,chhattisgarh_d05,0.3470245287414865,241025,0.6529754712585135,,0.0009600158200353537,0.34606451292145113,False
235,Chhattisgarh,Chhattisgarh_D06,390273,55557,57.72,43.62,0.874,0.538,0.335,chhattisgarh_d06,0.1423541982150956,334716,0.8576458017849045,,-0.18902877298215037,0.33138297119724597,True
236,Chhattisgarh,Chhattisgarh_D07,259285,126515,46.01,33.69,0.832,0.452,0.249,chhattisgarh_d07,0.48793798330022947,132770,0.5120620166997705,,0.16257505299991776,0.3253629303003117,False
237,Chhattisgarh,Chhattisgarh_D08,253094,92247,57.98,47.55,0.783,0.392,0.206,chhattisgarh_d08,0.36447722980394637,160847,0.6355227701960536,,0.009960419839675883,0.3545168099642705,False
238,Chhattisgarh,Chhattisgarh_D09,232196,73755,42.28,28.12,0.726,0.387,0.214,chhattisgarh_d09,0.3176411307688332,158441,0.6823588692311667,,-0.011890343553779437,0.32953147432261265,False
239,Chhattisgarh,Chhattisgarh_D10,307484,100014,62.66,53.26,0.98,0.428,0.21,chhattisgarh_d10,0.32526570488220524,207470,0.6747342951177947,,-0.0323509795624809,0.35761668444468614,False
240,Chhattisgarh,Chhattisgarh_D11,201545,55723,60.97,48.36,0.796,0.527,0.354,chhattisgarh_d11,0.2764791981939517,145822,0.7235208018060483,,-0.06079388739780245,0.3372730855917542,False
241,Chhattisgarh,Chhattisgarh_D12,324660,142952,65.47,49.76,0.783,0.314,0.412,chhattisgarh_d12,0.4403129427708988,181708,0.5596870572291012,,0.06369906662645813,0.37661387614444064,False
242,Assam,Assam_D01,93585,29225,53.52,47.13,0.775,0.436,0.353,assam_d01,0.31228295132767003,64360,0.68771704867233,,-0.02395554944872963,0.33623850077639966,False
243,Assam,Assam_D02,239589,97182,72.69,57.99,0.599,0.278,0.364,assam_d02,0.4056196236054243,142407,0.5943803763945757,,0.01177413299499519,0.3938454906104291,False
244,Assam,Assam_D03,219571,107650,55.9,39.78,0.787,0.269,0.389,assam_d03,0.4902742165404357,111921,0.5097257834595643,,0.12247487642971239,0.3677993401107233,False
245,Assam,Assam_D04,104271,40801,51.75,40.76,0.676,0.246,0.324,assam_d04,0.3912976762474705,63470,0.6087023237525294,,0.02803744059525659,0.36326023565221394,False
246,Assam,Assam_D05,108521,48563,53.25,42.19,0.691,0.195,0.343,assam_d05,0.4474986408160633,59958,0.5525013591839367,,0.07432825210020128,0.373170388715862,False
247,Assam,Assam_D06,168551,58910,75.96,59.57,0.574,0.253,0.388,assam_d06,0.34950845738085207,109641,0.6504915426191479,,-0.05356180897654833,0.4030702663574004,False
248,Assam,Assam_D07,212669,39785,58.79,53.12,0.703,0.09,0.265,assam_d07,0.18707474996355838,172884,0.8129252500364416,,-0.2109909176593856,0.398065667622944,True
249,Assam,Assam_D08,196052,45619,68.21,54.51,0.693,0.185,0.25,assam_d08,0.2326882663783078,150433,0.7673117336216922,,-0.16986994334114663,0.40255820971945444,True
250,Assam,Assam_D09,140762,50833,61.78,53.65,0.672,0.319,0.283,assam_d09,0.3611272928773391,89929,0.638872707122661,,-0.007959655004259436,0.3690869478815985,False
251,Assam,Assam_D10,59044,7474,58.8,48.25,0.68,0.222,0.281,assam_d10,0.12658356479913285,51570,0.8734164352008672,,-0.2528716968632985,0.3794552616624314,True
252,Telangana,Telangana_D01,254168,109415,60.8,47.68,0.575,0.345,0.314,telangana_d01,0.43048298763022885,144753,0.5695170123697711,,0.06642141434967863,0.3640615732805502,False
253,Telangana,Telangana_D02,183119,64565,51.04,43.12,0.491,0.426,0.208,telangana_d02,0.35258493111037087,118554,0.6474150688896292,,0.017216225955918707,0.33536870515445216,False
254,Telangana,Telangana_D03,51394,19557,63.5,49.79,0.547,0.351,0.35,telangana_d03,0.3805308012608476,31837,0.6194691987391524,,0.013452349118246554,0.36707845214260104,False
255,Telangana,Telangana_D04,245121,96977,61.88,48.34,0.633,0.341,0.283,telangana_d04,0.3956290974661494,148144,0.6043709025338506,,0.0281207264651811,0.3675083710009683,False
256,Telangana,Telangana_D05,233048,11652,55.01,46.59,0.582,0.581,0.356,telangana_d05,0.04999828361539254,221396,0.9500017163846075,,-0.26663870386997285,0.3166369874853654,True
257,Telangana,Telangana_D06,138287,67543,64.52,45.36,0.531,0.43,0.447,telangana_d06,0.4884262439708722,70744,0.5115737560291278,,0.1316400648017314,0.3567861791691408,False
258,Telangana,Telangana_D07,228723,48735,59.14,48.51,0.488,0.387,0.358,telangana_d07,0.21307433008486248,179988,0.7869256699151376,,-0.139801247869973,0.3528755779548355,False
259,Telangana,Telangana_D08,191771,83640,68.0,48.28,0.579,0.535,0.412,telangana_d08,0.43614519400743595,108131,0.5638548059925641,,0.08812568083891714,0.3480195131685188,False
260,Telangana,Telangana_D09,204676,88006,60.26,53.63,0.545,0.53,0.385,telangana_d09,0.42997713459321074,116670,0.5700228654067893,,0.0981592249863587,0.33181790960685204,False
261,Telangana,Telangana_D10,197882,59128,64.79,59.51,0.576,0.596,0.382,telangana_d10,0.2988043379387716,138754,0.7011956620612284,,-0.03054733669836046,0.32935167463713205,False
262,Tamil Nadu,Tamil Nadu_D01,94714,43468,69.02,56.09,0.822,0.169,0.382,tamil nadu_d01,0.45893954431235084,51246,0.5410604556876492,,0.054730853724594575,0.40420869058775627,False
263,Tamil Nadu,Tamil Nadu_D02,59458,26478,63.98,48.13,0.762,0.275,0.198,tamil nadu_d02,0.4453227488311077,32980,0.5546772511688923,,0.06134894753347664,0.38397380129763103,False
264,Tamil Nadu,Tamil Nadu_D03,86169,4308,50.91,37.26,0.774,0.224,0.324,tamil nadu_d03,0.0499947777042788,81861,0.9500052222957212,,-0.31650490717207275,0.36649968487635154,True
265,Tamil Nadu,Tamil Nadu_D04,69427,36624,56.95,39.0,0.882,0.07,0.206,tamil nadu_d04,0.5275181125498726,32803,0.4724818874501275,,0.12354910242554601,0.40396901012432657,False
266,Tamil Nadu,Tamil Nadu_D05,108120,49964,68.0,59.71,0.95,0.159,0.255,tamil nadu_d05,0.46211616722160564,58156,0.5378838327783944,,0.0565480351987625,0.40556813202284314,False
267,Tamil Nadu,Tamil Nadu_D06,138382,54112,67.52,52.96,0.935,0.02,0.266,tamil nadu_d06,0.39103351591970054,84270,0.6089664840802994,,-0.036294523995761274,0.4273280399154618,False
268,Tamil Nadu,Tamil Nadu_D07,104839,48472,57.63,50.83,0.85,0.232,0.265,tamil nadu_d07,0.46234702734669353,56367,0.5376529726533065,,0.0864030090173134,0.3759440183293801,False
269,Tamil Nadu,Tamil Nadu_D08,114921,48491,58.8,50.96,0.814,0.254,0.316,tamil nadu_d08,0.42195073137198597,66430,0.578049268628014,,0.0481519028270449,0.37379882854494106,False
270,Tamil Nadu,Tamil Nadu_D09,112987,53814,72.97,62.87,0.846,0.113,0.472,tamil nadu_d09,0.47628488233159566,59173,0.5237151176684043,,0.05953104079716476,0.4167538415344309,False
271,Tamil Nadu,Tamil Nadu_D10,99057,46827,50.72,31.68,0.736,0.138,0.161,tamil nadu_d10,0.47272782337442076,52230,0.5272721766255792,,0.08899598603388181,0.38373183734053895,False
272,Punjab,Punjab_D01,146987,61400,76.16,61.17,0.606,0.205,0.319,punjab_d01,0.41772401640961443,85587,0.5822759835903856,,0.0060927561902804905,0.41163126021933394,False
273,Punjab,Punjab_D02,139240,60609,74.16,54.81,0.563,0.02,0.358,punjab_d02,0.4352844010341856,78631,0.5647155989658145,,-0.0011392388430618294,0.4364236398772474,False
274,Punjab,Punjab_D03,122052,53019,65.51,59.72,0.562,0.305,0.412,punjab_d03,0.43439681447251993,69033,0.5656031855274801,,0.06070164055642924,0.3736951739160907,False
275,Punjab,Punjab_D04,205129,92511,83.59,75.35,0.593,0.267,0.35,punjab_d04,0.4509893774161625,112618,0.5490106225838375,,0.03895096924636754,0.412038408169795,False
276,Punjab,Punjab_D05,146529,57747,68.06,58.32,0.504,0.32,0.398,punjab_d05,0.39409946154003644,88782,0.6059005384599636,,0.01710032527463895,0.3769991362653975,False
277,Punjab,Punjab_D06,143484,62430,70.92,64.25,0.586,0.049,0.45,punjab_d06,0.43510077778707035,81054,0.5648992222129297,,0.01423135505873746,0.4208694227283329,False
278,Punjab,Punjab_D07,160900,65778,67.32,56.26,0.792,0.252,0.205,punjab_d07,0.40881292728402735,95122,0.5911870727159727,,0.017284550107255714,0.39152837717677164,False
279,Punjab,Punjab_D08,202857,54983,65.83,49.22,0.688,0.199,0.454,punjab_d08,0.2710431486219356,147874,0.7289568513780643,,-0.12241465385746553,0.39345780247940115,False
280,Haryana,Haryana_D01,128986,65261,60.26,51.91,0.729,0.524,0.318,haryana_d01,0.5059541345572388,63725,0.49404586544276125,,0.17046041143512303,0.3354937231221158,False
281,Haryana,Haryana_D02,135492,59984,59.69,42.24,0.808,0.246,0.228,haryana_d02,0.4427124848699554,75508,0.5572875151300446,,0.061454453946315823,0.3812580309236396,False
282,Haryana,Haryana_D03,179453,76179,56.73,44.63,0.666,0.335,0.302,haryana_d03,0.42450669534641383,103274,0.5754933046535862,,0.06545087836852809,0.35905581697788574,False
283,Haryana,Haryana_D04,157149,57302,67.29,59.21,0.679,0.432,0.443,haryana_d04,0.3646348370018263,99847,0.6353651629981737,,0.006222739784240039,0.35841209721758627,False
284,Haryana,Haryana_D05,146467,64574,62.44,42.72,0.725,0.375,0.228,haryana_d05,0.44087746727931887,81893,0.5591225327206811,,0.07400014229450913,0.36687732498480974,False
285,Haryana,Haryana_D06,96969,38833,65.47,52.39,0.581,0.384,0.377,haryana_d06,0.40046819086512186,58136,0.5995318091348781,,0.035556674234533125,0.36491151663058874,False
286,Haryana,Haryana_D07,124536,47188,61.71,56.04,0.518,0.313,0.373,haryana_d07,0.3789105158347787,77348,0.6210894841652213,,0.012345024649921654,0.36656549118485704,False
287,Haryana,Haryana_D08,115860,57065,60.76,44.35,0.667,0.266,0.294,haryana_d08,0.49253409287070604,58795,0.507465907129294,,0.11478560470139726,0.3777484881693088,False
288,Kerala,Kerala_D01,246579,124718,83.38,66.49,0.752,0.195,0.571,kerala_d01,0.5057932751775293,121861,0.4942067248224707,,0.08393756631170218,0.4218557088658271,False
289,Kerala,Kerala_D02,246099,118725,95.0,88.9,0.677,0.161,0.357,kerala_d02,0.48242780344495506,127374,0.5175721965550449,,0.035644899198427504,0.44678290424652756,False
290,Kerala,Kerala_D03,344627,185604,82.08,74.66,0.93,0.133,0.327,kerala_d03,0.5385648831925531,159023,0.46143511680744687,,0.10709830751845723,0.4314665756740959,False
291,Kerala,Kerala_D04,227951,86409,93.8,81.32,0.814,0.197,0.367,kerala_d04,0.37906830853999324,141542,0.6209316914600067,,-0.06286506817356824,0.4419333767135615,False
292,Kerala,Kerala_D05,241641,106586,86.77,69.05,0.748,0.169,0.409,kerala_d05,0.4410923642924835,135055,0.5589076357075166,,0.0062736042094698186,0.4348187600830137,False
293,Himachal Pradesh,Himachal Pradesh_D01,178208,45669,58.5,45.81,0.7,0.42,0.197,himachal pradesh_d01,0.2562679565451607,132539,0.7437320434548393,,-0.09540918933686698,0.3516771458820277,False
294,Himachal Pradesh,Himachal Pradesh_D02,148964,74115,55.17,35.29,0.751,0.086,0.257,himachal pradesh_d02,0.4975363174995301,74849,0.5024636825004699,,0.09998936243460871,0.3975469550649214,False
295,Himachal Pradesh,Himachal Pradesh_D03,165269,42431,62.09,53.71,0.582,0.374,0.326,himachal pradesh_d03,0.256739013366088,122838,0.7432609866339119,,-0.10342792795756123,0.36016694132364924,False
296,Himachal Pradesh,Himachal Pradesh_D04,279958,102141,52.46,45.3,0.721,0.227,0.335,himachal pradesh_d04,0.3648440123161331,177817,0.6351559876838668,,-0.0012432325428584634,0.3660872448589916,False
297,Himachal Pradesh,Himachal Pradesh_D05,135652,57641,59.46,51.39,0.73,0.17,0.32,himachal pradesh_d05,0.4249181729720166,78011,0.5750818270279834,,0.03784848752519776,0.38706968544681886,False
298,Uttarakhand,Uttarakhand_D01,158336,79939,61.32,44.16,0.82,0.338,0.354,uttarakhand_d01,0.5048693916734034,78397,0.4951306083265966,,0.1370892145950109,0.3677801770783925,False
299,Uttarakhand,Uttarakhand_D02,128285,15757,64.73,55.5,0.942,0.221,0.227,uttarakhand_d02,0.12282807810733913,112528,0.8771719218926609,,-0.268728609032549,0.39155668713988817,True
300,Uttarakhand,Uttarakhand_D03,179528,80258,43.39,35.0,0.771,0.174,0.17,uttarakhand_d03,0.44705004233322937,99270,0.5529499576667707,,0.08451941477009761,0.36253062756313176,False
301,Uttarakhand,Uttarakhand_D04,154369,66990,50.05,40.17,0.804,0.33,0.187,uttarakhand_d04,0.4339601863068362,87379,0.5660398136931638,,0.08324254771988326,0.35071763858695293,False
302,Uttarakhand,Uttarakhand_D05,107893,46916,61.84,42.07,0.81,0.375,0.332,uttarakhand_d05,0.4348382193469456,60977,0.5651617806530544,,0.07051195793436787,0.36432626141257773,False
